<?xml version="1.0" encoding="UTF-8" ?>
<!-- DOCTYPE이 sqlMap인 xml 파일은 처리할 SQL 명령을 기억하는 xml 파일이다. -->
<!DOCTYPE sqlMap PUBLIC "-//iBATIS.com//DTD SQL Map 2.0//EN" "http://ibatis.apache.org/dtd/sql-map-2.dtd">
<sqlMap namespace="com.koreait.vo.GuestbookVO">
	<!-- id: SQL 명령을 식별한다. -->
	<!-- parameterClass: SQL 명령으로 DAO 클래스에서 전달되는 데이터의 타입을 적는다. -->
	<!-- resultClass: SQL 명령문이 실행되고 DAO 클래스로 리턴되는 데이터의 타입을 적는다. -->

	<!-- 게시판에 글 1건을 저장한다. -->
	<insert id="insert" parameterClass="vo">
		insert into guestbook (idx, name, password, memo, ip) values (guestbook_idx_seq.nextval, #name#, #password#, #memo#, #ip#)
	</insert>
	
	<!-- 테이블에 저장된 전체 글의 개수를 얻어온다. -->
	<select id="selectCount" resultClass="int">
		select count(*) from guestbook
	</select>
	
	<!-- 1페이지 분량의 글 목록을 얻어온다. -->
	<select id="selectList" parameterClass="java.util.HashMap" resultClass="vo">
		<!-- mysql -->
		<!-- select * from guestbook order by idx desc limit #startNo#, #pageSize# -->
		<!-- <![CDATA[ ~ ]]> 사이에 입력한 내용은 무조건 문자열로 취급된다. -->
		<![CDATA[
		select * from (
			select rownum rnum, TT.* from (
				select * from guestbook order by idx desc
			) TT where rownum <= #endNo#
		) where rnum >= #startNo#
		]]>
	</select>
	
	<!-- memo에 검색어(내용)가 포함된 글의 개수를 얻어온다. -->
	<select id="selectCountMemo" parameterClass="String" resultClass="int">
		<!--
			ibatis 부분일치(like) 쿼리 작성방법
			oracle => '%'||#item#||'%'
			mysql  => concat('%', #item#, '%')
			mssql  => '%'+#item#+'%'
		-->
		SELECT COUNT(*) FROM GUESTBOOK WHERE memo LIKE '%'||#item#||'%'
	</select>
	
	<!-- memo에 검색어(내용)가 포함된 1페이지 분량의 글 목록을 얻어온다. -->
	<select id="selectListMemo" parameterClass="param" resultClass="vo">
		<![CDATA[
		select * from (
			select rownum rnum, TT.* from (
				select * from guestbook WHERE memo LIKE '%'||#item#||'%' order by idx desc
			) TT where rownum <= #endNo#
		) where rnum >= #startNo#
		]]>
	</select>
	
	<!-- name에 검색어(이름)가 포함된 글의 개수를 얻어온다. -->
	<select id="selectCountName" parameterClass="String" resultClass="int">
		SELECT COUNT(*) FROM GUESTBOOK WHERE name LIKE '%'||#item#||'%'
	</select>
	
	<!-- memo에 검색어(이름)가 포함된 1페이지 분량의 글 목록을 얻어온다. -->
	<select id="selectListName" parameterClass="param" resultClass="vo">
		<![CDATA[
		select * from (
			select rownum rnum, TT.* from (
				select * from guestbook WHERE name LIKE '%'||#item#||'%' order by idx desc
			) TT where rownum <= #endNo#
		) where rnum >= #startNo#
		]]>
	</select>
	
	<!-- memo와 name에 검색어가 포함된 글의 개수를 얻어온다. -->
	<select id="selectCountMemoName" parameterClass="String" resultClass="int">
		SELECT COUNT(*) FROM GUESTBOOK WHERE memo LIKE '%'||#item#||'%' or name LIKE '%'||#item#||'%'
	</select>
	
	<!-- memo와 name에 검색어가 포함된 1페이지 분량의 글 목록을 얻어온다. -->
	<select id="selectListMemoName" parameterClass="param" resultClass="vo">
		<![CDATA[
		select * from (
			select rownum rnum, TT.* from (
				select * from guestbook WHERE memo LIKE '%'||#item#||'%' or name LIKE '%'||#item#||'%' order by idx desc
			) TT where rownum <= #endNo#
		) where rnum >= #startNo#
		]]>
	</select>
	
	<!-- 카테고리별 검색어를 포함하는 글의 개수를 얻어온다. -->
	<select id="selectCountMulit" parameterClass="param" resultClass="int">
		<!--
			<isEqual> 태그를 사용해 sql 명령의 실행 조건을 비교할 수 있다.
			property 속성에는 parameterClass로 넘어오는 데이터의 조건을 비교할 키 또는 멤버 변수의 이름을 적는다.
			compareValue 속성에는 property 속성에서 지정한 키 또는 멤버 변수에 저장된 값과 비교할 값을 적는다.
		-->
	
		<!--
		<isEqual property="category" compareValue="내용">
			SELECT COUNT(*) FROM GUESTBOOK WHERE memo LIKE '%'||#item#||'%'
		</isEqual>
		<isEqual property="category" compareValue="이름">
			SELECT COUNT(*) FROM GUESTBOOK WHERE name LIKE '%'||#item#||'%'
		</isEqual>
		<isEqual property="category" compareValue="내용+이름">
			SELECT COUNT(*) FROM GUESTBOOK WHERE memo LIKE '%'||#item#||'%' or name LIKE '%'||#item#||'%'
		</isEqual>
		-->
	
		SELECT COUNT(*) FROM GUESTBOOK WHERE 
		<isEqual property="category" compareValue="내용">
			memo LIKE '%'||#item#||'%'
		</isEqual>
		<isEqual property="category" compareValue="이름">
			name LIKE '%'||#item#||'%'
		</isEqual>
		<isEqual property="category" compareValue="내용+이름">
			memo LIKE '%'||#item#||'%' or name LIKE '%'||#item#||'%'
		</isEqual>
	</select>
	
	<!-- 카테고리별 검색어를 포함한 1페이지 분량의 글 목록을 얻어온다. -->
	<select id="selectListMulti" parameterClass="param" resultClass="vo">
		select * from (
			select rownum rnum, TT.* from (
				select * from guestbook WHERE 
				
					<isEqual property="category" compareValue="내용">
						memo LIKE '%'||#item#||'%' 
					</isEqual>
					<isEqual property="category" compareValue="이름">
						name LIKE '%'||#item#||'%' 
					</isEqual>
					<isEqual property="category" compareValue="내용+이름">
						memo LIKE '%'||#item#||'%' or name LIKE '%'||#item#||'%' 
					</isEqual>
				
				order by idx desc
		<![CDATA[
			) TT where rownum <= #endNo#
		) where rnum >= #startNo#
		]]>
	</select>
	
	<!-- 글 1건을 얻어온다. -->
	<select id="selectByIdx" parameterClass="int" resultClass="vo">
		select * from guestbook where idx = #idx#
	</select>
	
</sqlMap>















