<?xml version="1.0" encoding="UTF-8"?>
<beans xmlns="http://www.springframework.org/schema/beans"
	xmlns:xsi="http://www.w3.org/2001/XMLSchema-instance"
	xsi:schemaLocation="http://www.springframework.org/schema/beans http://www.springframework.org/schema/beans/spring-beans.xsd">

	<bean id="student" class="com.koreait.springDI3_xml_constructor.Student">
	
		<!--
			<constructor-arg> 태그를 사용해서 생성자의 인수로 멤버를 초기화시킬 데이터를 전달할 수 있다.
			<property> 태그는 name 속성에서 setter를 실행할 멤버의 이름을 지정하므로 초기화시키는 순서가
			중요하지 않지만 <constructor-arg> 태그로 생성자를 이용해서 초기화시킬 경우에는 생성자 인수의
			개수와 데이터 타입의 순서를 일치시켜야 한다.
		-->
		<constructor-arg>
			<value>홍길동</value>
		</constructor-arg>
		<constructor-arg value="10"></constructor-arg>
		<constructor-arg value="3"></constructor-arg>
		<constructor-arg value="15"></constructor-arg>
	
	</bean>

	<bean id="studentInfo" class="com.koreait.springDI3_xml_constructor.StudentInfo">
		<!--
		<constructor-arg>
			<ref bean="student"/>
		</constructor-arg>
		-->
		<constructor-arg ref="student"></constructor-arg>
	</bean>

</beans>






