<?xml version="1.0" encoding="UTF-8"?>
<beans xmlns="http://www.springframework.org/schema/beans"
	xmlns:xsi="http://www.w3.org/2001/XMLSchema-instance"
	xmlns:aop="http://www.springframework.org/schema/aop"
	xsi:schemaLocation="http://www.springframework.org/schema/beans http://www.springframework.org/schema/beans/spring-beans.xsd
		http://www.springframework.org/schema/aop http://www.springframework.org/schema/aop/spring-aop-3.2.xsd">

	<!-- Student 클래스의 bean -->
	<bean id="student" class="com.koreait.springAOP2_java.Student">
		<property name="name" value="홍길동"></property>
		<property name="age" value="13"></property>
		<property name="gradeNum" value="6"></property>
		<property name="classNum" value="13"></property>
	</bean>
	
	<!-- Worker 클래스의 bean -->
	<bean id="worker" class="com.koreait.springAOP2_java.Worker">
		<constructor-arg value="임꺽정"></constructor-arg>
		<constructor-arg value="35"></constructor-arg>
		<constructor-arg value="산적"></constructor-arg>
	</bean>

</beans>
