<?xml version="1.0" encoding="UTF-8"?>
<beans xmlns="http://www.springframework.org/schema/beans"
	xmlns:xsi="http://www.w3.org/2001/XMLSchema-instance"
	xmlns:aop="http://www.springframework.org/schema/aop"
	xsi:schemaLocation="http://www.springframework.org/schema/beans http://www.springframework.org/schema/beans/spring-beans.xsd
		http://www.springframework.org/schema/aop http://www.springframework.org/schema/aop/spring-aop-3.2.xsd">

	<!-- Student 클래스의 bean -->
	<bean id="student" class="com.koreait.springAOP1_xml.Student">
		<property name="name" value="홍길동"></property>
		<property name="age" value="13"></property>
		<property name="gradeNum" value="6"></property>
		<property name="classNum" value="13"></property>
	</bean>
	
	<!-- Worker 클래스의 bean -->
	<bean id="worker" class="com.koreait.springAOP1_xml.Worker">
		<constructor-arg value="임꺽정"></constructor-arg>
		<constructor-arg value="35"></constructor-arg>
		<constructor-arg value="산적"></constructor-arg>
	</bean>
	
	<!-- Test 클래스의 bean -->
	<bean id="test" class="test.Test"></bean>
	
	<!--
		AOP 설정 준비 사항
		pom.xml 파일에 aspectjweaver dependency를 추가한다.
		bean 설정 xml 파일에 aop namespace를 추가한다. 
			=> beans 태그에 xmlns:aop="http://www.springframework.org/schema/aop"가 추가된다.
		AOP 메소드가 작성된 클래스의 bean을 생성한다.
	-->
	<bean id="logAop" class="com.koreait.springAOP1_xml.LogAOP"></bean>

	<!-- aop:config 태그 내부에 aop:aspect 태그로 공통 기능 메소드를 정의한다. -->
	<aop:config> <!-- AOP 설정 시작 -->
	
		<!--
			id 속성으로 AOP 메소드가 정의된 bean을 식별한다. 식별이 목적이므로 뭐를 적어도 상관없다.
			ref 속성은 AOP 메소드가 정의된 bean을 참조시킨다. AOP 메소드가 정의된 bean의 id 속성값을 쓴다.
		-->
		<aop:aspect id="logger" ref="logAop"> <!-- 실행할 AOP 메소드가 정의된 클래스의 bean을 지정한다. -->
		
			<!--
				aop:pointcut 태그에서 공통 기능이 적용되는 부분(pointcut)을 지정한다.
				expression 속성은 within() 또는 execution()을 사용해서 pointcut을 지정한다.
					=> within()은 클래스 단위로 execution()은 메소드 단위로 pointcut을 지정한다.
				id 속성은 pointcut 식별이 목적이므로 뭐를 적어도 상관없다.
				
				within(*) => 프로젝트의 모든 클래스
				within(test.*) => test 패키지의 모든 클래스
				within(com.koreait.springAOP1_xml.*) => com.koreait.springAOP1_xml 패키지의 모든 클래스
				within(com.koreait.springAOP1_xml.Student) => com.koreait.springAOP1_xml 패키지의 Student 클래스
				within(com.koreait.springAOP1_xml.Worker) => com.koreait.springAOP1_xml 패키지의 Worker 클래스
				within(com.koreait.springAOP1_xml.*d*) => com.koreait.springAOP1_xml 패키지의 d를 포함하는 클래스
					=> d*: d로 시작하는, *d: d로 끝나는, *d*: d를 포함하는
					
				execution()은 () 안에 "*"을 먼저 입력하고 1칸 띄운 후 pointcut을 지정한다.
				execution(* *.*()) => 프로젝트의 모든 클래스의 모든 메소드
				execution(* test.*.*()) => test 패키지의 모든 클래스의 모든 메소드
				execution(* com.koreait.springAOP1_xml.*.*()) => com.koreait.springAOP1_xml 패키지의 모든
					클래스의 모든 메소드
				execution(* com.koreait.springAOP1_xml.Student.*()) => com.koreait.springAOP1_xml 패키지의
					Student 클래스의 모든 메소드
				execution(* com.koreait.springAOP1_xml.W*.*()) => com.koreait.springAOP1_xml 패키지의 "W"로
					시작하는 모든 클래스의 모든 메소드
				execution(* com.koreait.springAOP1_xml.S*.g*()) => com.koreait.springAOP1_xml 패키지의 "S"로
					시작하는 모든 클래스의 "g"로 시작하는 모든 메소드
			-->
			<aop:pointcut expression="within(*)" id="beforeMethod"/>
			<aop:pointcut expression="within(com.koreait.springAOP1_xml.*)" id="afterReturningMethod"/>
			<aop:pointcut expression="within(com.koreait.springAOP1_xml.Student)" id="afterThrowingMethod"/>
			<aop:pointcut expression="execution(* com.koreait.springAOP1_xml.*.*())" id="afterMethod"/>
			<aop:pointcut expression="execution(* com.koreait.springAOP1_xml.S*.g*())" id="aroundMethod"/>
		
			<!--
				AOP를 메소드를 실행하게 지정한다.
				method 속성에는 aop:aspect 태그에서 참조시킨 AOP 메소드가 작성된 클래스의 실행할 메소드
				이름을 적는다.
				pointcut-ref 속성에는 AOP를 적용할 pointcut의 id 속성값을 쓴다.
				aop:before => 핵심 기능 실행 전
				after-returning => 핵심 기능이 정상적으로 종료된 후 => try 블록
				after-throwing => 핵심 기능 실행 중 예외가 발생된 후 => catch 블록
				aop:after => 핵심 기능이 예외 발생 여부와 관계없이 종료된 후 => finally 블록
				aop:around => 핵심 기능이 실행되기 전과 실행되고 난 후
			-->
			<aop:before method="before" pointcut-ref="beforeMethod"/>
			<aop:after-returning method="afterReturning" pointcut-ref="afterReturningMethod"/>
			<aop:after-throwing method="afterThrowing" pointcut-ref="afterThrowingMethod"/>
			<aop:after method="after" pointcut-ref="afterMethod"/>
			<aop:around method="around" pointcut-ref="aroundMethod"/>
		
		</aop:aspect>
	
	</aop:config>

</beans>



















